{
  "_format": "hh-sol-cache-2",
  "files": {
    "E:\\major project\\CODE\\contracts\\Storage.sol": {
      "lastModificationDate": 1731760098919,
      "contentHash": "d865b8ef88ce63907ea113f0b7d51f29",
      "sourceName": "contracts/Storage.sol",
      "solcConfig": {
        "version": "0.8.27",
        "settings": {
          "evmVersion": "paris",
          "optimizer": {
            "enabled": false,
            "runs": 200
          },
          "outputSelection": {
            "*": {
              "*": [
                "abi",
                "evm.bytecode",
                "evm.deployedBytecode",
                "evm.methodIdentifiers",
                "metadata"
              ],
              "": [
                "ast"
              ]
            }
          }
        }
      },
      "imports": [],
      "versionPragmas": [
        "^0.8.0"
      ],
      "artifacts": [
        "Storage"
      ]
    }
  }
}
